Name,Feature,Type,Color,Match type
B0015,ccaggcatcaaataaaacgaaaggctcagtcgaaagactgggcctttcgttttatctgttgtttgtcggtgaacgctctctactagagtcacactggctcaccttcgggtgggcctttctgcgtttata,regulatory,#FAAC61,nucleotide
B0034,aaagaggagaaa,regulatory,#FAAC61,nucleotide
J23105,tttacggctagctcagtcctaggtactatgctagc,regulatory,#FAAC61,nucleotide
J23106,tttacggctagctcagtcctaggtatagtgctagc,regulatory,#FAAC61,nucleotide
J23119,ttgacagctagctcagtcctaggtataatgctagc,regulatory,#FAAC61,nucleotide
LMP,ggctcgggtaagaactcgcacttcgtggaaacactattatctggtgggtctctgtcc,misc_feature,#F58A5E,nucleotide
LMS,ggctcgggagacctatcggtaataacagtccaatctggtgtaacttcggaatcgtcc,misc_feature,#F58A5E,nucleotide
mScarlett,atggttagcaaaggcgaggcggttatcaaggagtttatgcgttttaaggttcacatggagggtagcatgaatggtcacgagttcgagatcgagggtgaaggcgagggtcgtccgtacgaaggcacccagaccgcgaagctgaaagtgaccaagggtggcccgctgccgttcagctgggacatcctgagcccgcagttcatgtatggcagccgtgcgtttaccaaacacccggcggacattccggattactataagcaaagcttcccggaaggttttaaatgggagcgtgttatgaacttcgaagatggtggcgcggtgaccgttacccaggacaccagcctggaggatggcaccctgatttacaaggtgaaactgcgtggcaccaactttccgccggatggtccggttatgcagaagaaaacgatgggttgggaagcgagcaccgagcgtctgtatccggaagatggcgtgctgaagggtgatatcaaaatggcgctgcgtctgaaggacggtggccgttacctggcggattttaagaccacctataaagcgaagaaaccggtgcaaatgccgggtgcgtacaacgttgaccgtaaactggatattaccagccacaacgaggattataccgtggttgagcaatatgagcgtagcgagggtcgccacagcaccggcggcatggacgaactgtataagggatcctaa,CDS,#FFEF86,nucleotide
pSC101 ori,gggctagtcaatgataattactagtccttttcctttgagttgtgggtatctgtaaattctgctagacctttgctggaaaacttgtaaattctgctagaccctctgtaaattccgctagacctttgtgtgttttttttgtttatattcaagtggttataatttatagaataaagaaagaataaaaaaagataaaaagaatagatcccagccctgtgtataactc,rep_origin,#FFEF86,nucleotide
RBS-A12,taaggagg,regulatory,#F58A5E,nucleotide
Rep101(Ts),atgtctgaattagttgttttcaaagcaaatgaactagcgattagtcgctatgacttaacggagcatgaaaccaagctaattttatgctgtgtggcactactcaaccccacgattgaaaaccctacaaggaaagaacggacggtatcgttcacttataaccaatacgttcagatgatgaacatcagtagggaaaatgcttatggtgtattagctaaagcaaccagagagctgatgacgagaactgtggaaatcaggaatcctttggttaaaggctttgagattttccagtggacaaactatgccaagttctcaagcgaaaaattagaattagtttttagtgaagagatattgccttatcttttccagttaaaaaaattcataaaatataatctggaacatgttaagtcttttgaaaacaaatactctatgaggatttatgagtggttattaaaagaactaacacaaaagaaaactcacaaggcaaatatagagattagccttgatgaatttaagttcatgttaatgcttgaaaataactaccatgagtttaaaaggcttaaccaatgggttttgaaaccaataagtaaagatttaaacacttacagcaatatgaaattggtggttgataagcgaggccgcccgactgatacgttgattttccaagttgaactagatagacaaatggatctcgtaaccgaacttgagaacaaccagataaaaatgaatggtgacaaaataccaacaaccattacatcagattcctacctacataacggactaagaaaaacactacacgatgctttaactgcaaaaattcagctcaccagttttgaggcaaaatttttgagtgacatgcaaagtaagtatgatctcaatggttcgttctcatggctcacgcaaaaacaacgaaccacactagagaacatactggctaaatacggaaggatctga,CDS,#993366,nucleotide
SEVA_Ap,tagtagcccgcctaatgagcgggcttttttttaattcccctatttgtttatttttctaaatacattcaaatatgtatccgctcatgagacaataaccctgataaatgcttcaataatattgaaaaaggaagagtatgagcattcagcattttcgtgtggcgctgattccgttttttgcggcgttttgcctgccggtgtttgcgcatccggaaaccctggtgaaagtgaaagatgcggaagatcaactgggtgcgcgcgtgggctatattgaactggatctgaacagcggcaaaattctggaatcttttcgtccggaagaacgttttccgatgatgagcacctttaaagtgctgctgtgcggtgcggttctgagccgtgtggatgcgggccaggaacaactgggccgtcgtattcattatagccagaacgatctggtggaatatagcccggtgaccgaaaaacatctgaccgatggcatgaccgtgcgtgaactgtgcagcgcggcgattaccatgagcgataacaccgcggcgaacctgctgctgacgaccattggcggtccgaaagaactgaccgcgtttctgcataacatgggcgatcatgtgacccgtctggatcgttgggaaccggaactgaacgaagcgattccgaacgatgaacgtgataccaccatgccggcagcaatggcgaccaccctgcgtaaactgctgacgggtgagctgctgaccctggcaagccgccagcaactgattgattggatggaagcggataaagtggcgggtccgctgctgcgtagcgcgctgccggctggctggtttattgcggataaaagcggtgcgggcgaacgtggcagccgtggcattattgcggcgctgggcccggatggtaaaccgagccgtattgtggtgatttataccaccggcagccaggcgacgatggatgaacgtaaccgtcagattgcggaaattggcgcgagcctgattaaacattggtaaaccgatacaattaaaggctccttttggagcctttttttttggac,misc_feature,#F58A5E,nucleotide
SEVA_Cm,tggcgaaaatgagacgttgatcggcacgtaagaggttccaactttcaccataatgaaataagatcactaccgggcgtattttttgagttatcgagattttcaggagctaaggaagctaaaatggagaaaaaaatcactggatataccaccgttgatatatcccaatggcatcgtaaagaacattttgaggcatttcagtcagttgctcaatgtacctataaccagaccgttcagctggatattacggcctttttaaagaccgtaaagaaaaataagcacaagttttatccggcctttattcacattcttgcccgcctgatgaatgctcatccggaatttcgtatggcaatgaaagacggtgagctggtgatatgggatagtgttcacccttgttacaccgttttccatgagcaaactgaaacgttttcatcgctctggagtgaataccacgacgatttccggcagtttctacacatatattcgcaagatgtggcgtgttacggtgaaaacctggcctatttccctaaagggtttattgagaatatgtttttcgtctcagccaatccctgggtgagtttcaccagttttgatttaaacgtggccaatatggacaacttcttcgcccccgttttcaccatgggcaaatattatacgcaaggcgacaaggtgctgatgccgctggcgattcaggttcatcatgccgtttgtgatggcttccatgtcggcagaatgcttaatgaattacaacagtactgcgatgagtggcagggcggggcgtaattt,misc_feature,#F58A5E,nucleotide
SEVA_Gm,ttgacataagcctgttcggttcgtaaactgtaatgcaagtagcgtatgcgctcacgcaactggtccagaaccttgaccgaacgcagcggtggtaacggcgcagtggcggttttcatggcttgttatgactgtttttttgtacagcctatgcctcgggcatccaagcagcaagcgcgttacgccgtgggtcgatgtttgatgttatggagcagcaacgatgttacgcagcagcaacgatgttacgcagcagggcagtcgccctaaaacaaagttaggtggctcaagtatgggcatcattcgcacatgtaggctcggccctgaccaagtcaaatccatgcgggctgctcttgatcttttcggtcgtgagttcggagacgtagccacctactcccaacatcagccggactccgattacctcgggaacttgctccgtagtaagacattcatcgcgcttgctgccttcgaccaagaagcggttgttggcgctctcgcggcttacgttctgcccaagtttgagcagccgcgtagtgagatctatatctatgatctcgcagtctccggagagcaccggaggcagggcattgccaccgcgctcatcaatctcctcaagcatgaggccaacgcgcttggtgcttatgtgatctacgtgcaagcagattacggtgacgatcccgcagtggctctctatacaaagttgggcatacgggaagaagtgatgcactttgatatcgacccaagtaccgccacctaacaattcgttcaagccgagatcggcttcccggccgcggagttgttcggtaaattg,misc_feature,#F58A5E,nucleotide
SEVA_Km,ttgtgtctcaaaatctctgatgttacattgcacaagataaaaatatatcatcatgaacaataaaactgtctgcttacataaacagtaatacaaggggtgttatgagccatattcagcgtgaaacgagctgtagccgtccgcgtctgaacagcaacatggatgcggatctgtatggctataaatgggcgcgtgataacgtgggtcagagcggcgcgaccatttatcgtctgtatggcaaaccggatgcgccggaactgtttctgaaacatggcaaaggcagcgtggcgaacgatgtgaccgatgaaatggtgcgtctgaactggctgaccgaatttatgccgctgccgaccattaaacattttattcgcaccccggatgatgcgtggctgctgaccaccgcgattccgggcaaaaccgcgtttcaggtgctggaagaatatccggatagcggcgaaaacattgtggatgcgctggccgtgtttctgcgtcgtctgcatagcattccggtgtgcaactgcccgtttaacagcgatcgtgtgtttcgtctggcccaggcgcagagccgtatgaacaacggcctggtggatgcgagcgattttgatgatgaacgtaacggctggccggtggaacaggtgtggaaagaaatgcataaactgctgccgtttagcccggatagcgtggtgacccacggcgattttagcctggataacctgattttcgatgaaggcaaactgattggctgcattgatgtgggccgtgtgggcattgcggatcgttatcaggatctggccattctgtggaactgcctgggcgaatttagcccgagcctgcaaaaacgtctgtttcagaaatatggcattgataatccggatatgaacaaactgcaatttcatctgatgctggatgaatttttctaataattaattg,misc_feature,#F58A5E,nucleotide
SEVA_oriT,cttttccgctgcataaccctgcttcggggtcattatagcgattttttcggtatatccatcctttttcgcacgatatacaggattttgccaaagggttcgtgtagactttccttggtgtatccaacggcgtcagccgggcaggataggtgaagtaggcccacccgcgagcgggtgttccttcttcactgtcccttattcgcacctggcggtgctcaacgggaatcctgctctgcgaggctggccgta,misc_feature,#F58A5E,nucleotide
SEVA_p15A,ctagaaatattttatctgattaataagatgatcttcttgagatcgttttggtctgcgcgtaatctcttgctctgaaaacgaaaaaaccgccttgcagggcggtttttcgaaggttctctgagctaccaactctttgaaccgaggtaactggcttggaggagcgcagtcaccaaaacttgtcctttcagtttagccttaaccggcgcatgacttcaagactaactcctctaaatcaattaccagtggctgctgccagtggtgcttttgcatgtctttccgggttggactcaagacgatagttaccggataaggcgcagcggtcggactgaacggggggttcgtgcatacagtccagcttggagcgaactgcctacccggaactgagtgtcaggcgtggaatgagacaaacgcggccataacagcggaatgacaccggtaaaccgaaaggcaggaacaggagagcgcacgagggagccgccagggggaaacgcctggtatctttatagtcctgtcgggtttcgccaccactgatttgagcgtcagatttcgtgatgcttgtcaggggggcggagcctatggaaaaacggctttgccgcggccctctcacttccctgttaagtatcttcctggcatcttccaggaaatctccgccccgttcgtaagccatttccgctcgccgcagtcgaacgaccgagcgtagcgagtcagtgagcgaggaagcggaatatatcc,misc_feature,#F58A5E,nucleotide
SEVA_pBBR1,ctaccggcgcggcagcgttacccgtgtcggcggctccaacggctcgccatcgtccagaaaacacggctcatcgggcatcggcaggcgctgctgcccgcgccgttcccattcctccgtttcggtcaaggctggcaggtctggttccatgcccggaatgccgggctggctgggcggctcctcgccggggccggtcggtagttgctgctcgcccggatacagggtcgggatgcggcgcaggtcgccatgccccaacagcgattcgtcctggtcgtcgtgatcaaccaccacggcggcactgaacaccgacaggcgcaactggtcgcggggctggccccacgccacgcggtcattgaccacgtaggccgacacggtgccggggccgttgagcttcacgacggagatccagcgctcggccaccaagtccttgactgcgtattggaccgtccgcaaagaacgtccgatgagcttggaaagtgtcttctggctgaccaccacggcgttctggtggcccatctgcgccacgaggtgatgcagcagcattgccgccgtgggtttcctcgcaataagcccggcccacgcctcatgcgctttgcgttccgtttgcacccagtgaccgggcttgttcttggcttgaatgccgatttctctggactgcgtggccatgcttatctccatgcggtaggggtgccgcacggttgcggcaccatgcgcaatcagctgcaacttttcggcagcgcgacaacaattatgcgttgcgtaaaagtggcagtcaattacagattttctttaacctacgcaatgagctattgcggggggtgccgcaatgagctgttgcgtaccccccttttttaagttgttgatttttaagtctttcgcatttcgccctatatctagttctttggtgcccaaagaagggcacccctgcggggttcccccacgccttcggcgcggctccccctccggcaaaaagtggcccctccggggcttgttgatcgactgcgcggccttcggccttgcccaaggtggcgctgcccccttggaacccccgcactcgccgccgtgaggctcggggggcaggcgggcgggcttcgcccttcgactgcccccactcgcataggcttgggtcgttccaggcgcgtcaaggccaagccgctgcgcggtcgctgcgcgagccttgacccgccttccacttggtgtccaaccggcaagcgaagcgcgcaggccgcaggccggaggcttttccccagagaaaattaaaaaaattgatggggcaaggccgcaggccgcgcagttggagccggtgggtatgtggtcgaaggctgggtagccggtgggcaatccctgtggtcaagctcgtgggcaggcgcagcctgtccatcagcttgtccagcagggttgtccacgggccgagcgaagcgagccagccggtggccgctcgcggccatcgtccacatatccacgggctggcaagggagcgcagcgaccgcgcagggcgaagcccggagagcaagcccgtaggggg,misc_feature,#F58A5E,nucleotide
SEVA_pBR322-ROP,ccgtagaaaagatcaaaggatcttcttgagatcctttttttctgcgcgtaatctgctgcttgcaaacaaaaaaaccaccgctaccagcggtggtttgtttgccggatcaagagctaccaactctttttccgaaggtaactggcttcagcagagcgcagataccaaatactgtccttctagtgtagccgtagttaggccaccacttcaagaactctgtagcaccgcctacatacctcgctctgctaatcctgttaccagtggctgctgccagtggcgataagtcgtgtcttaccgggttggactcaagacgatagttaccggataaggcgcagcggtcgggctgaacggggggttcgtgcacacagcccagcttggagcgaacgacctacaccgaactgagatacctacagcgtgagctatgagaaagcgccacgcttcccgaagggagaaaggcggacaggtatccggtaagcggcagggtcggaacaggagagcgcacgagggagcttccagggggaaacgcctggtatctttatagtcctgtcgggtttcgccacctctgacttgagcgtcgatttttgtgatgctcgtcaggggggcggagcctatggaaaaacgccagcaacgcggcctttttacggttcctggccttttgctggccttttgctcacatgttctttcctgcgttatcccctgattctgtggataaccgtattaccgcctttgagtgagctgataccgctcgccgcagccgaacgaccgagcgcagcgagtcagtgagcgaggaagcggaagagcgcctgatgcggtattttctccttacgcatctgtgcggtatttcacaccgcatatggtgcactctcagtacaatctgctctgatgccgcatagttaagccagtatacactccgctatcgctacgtgactgggtcatggctgcgccccgacacccgccaacacccgctgacgcgccctgacgggcttgtctgctcccggcatccgcttacagacaagctgtgaccgtctccgggagctgcatgtgtcagaggttttcaccgtcatcaccgaaacgcgcgaggcagctgcggtaaagctcatcagcgtggtcgtgcagcgattcacagatgtctgcctgttcatccgcgtccagctcgttgagtttctccagaagcgttaatgtctggcttctgataaagcgggccatgttaagggcggttttttcctgtttggtcactgatgcctccgtgtaagggggatttctgttcatgggggtaatgataccgatgaaacgagagaggatgctcacgatacgggttactgatgatgaacatgcccggttactggaacgttgtgagggtaaacaactggcggtatggatgcggcggg,misc_feature,#F58A5E,nucleotide
SEVA_pRO1600/ColE1,gataatctcatgaccaaaatcccttaacgtgagttttcgttccactgagcgtcagaccccgtagaaaagatcaaaggatcttcttgagatcctttttttctgcgcgtaatctgctgcttgcaaacaaaaaaaccaccgctaccagcggtggtttgtttgccggatcaagagctaccaactctttttccgaaggtaactggcttcagcagagcgcagataccaaatactgttcttctagtgtagccgtagttaggccaccacttcaagaactctgtagcaccgcctacatacctcgctctgctaatcctgttaccagtggctgctgccagtggcgataagtcgtgtcttaccgggttggactcaagacgatagttaccggataaggcgcagcggtcgggctgaacggggggttcgtgcacacagcccagcttggagcgaacgacctacaccgaactgagatacctacagcgtgagctatgagaaagcgccacgcttcccgaagggagaaaggcggacaggcatccggtaagcggcagggtcggaacaggagagcgcacgagggagcttccagggggaaacgcctggtatctttatagtcctgtcgggtttcgccacctctgacttgagcgtcgatttttgtgatgctcgtcaggggggcggagcctatggaaaaacgccagcaacgcggccgtgaaaggcaggccggtccgtggtggccacggcctctaggccagatccagcggcatctgggttagtcgagcgcgggccgcttcccatgtctcaccagggcgagcctgtttcgcgatctcagcatctgaaatcttcccggccttgcgcttcgctggggccttacccaccgccttggcgggcttcttcggtccaaaactgaacaacagatgtgtgaccttgcgcccggtctttcgctgcgcccactccacctgtagcgggctgtgctcgttgatctgcgtcacggctggatcaagcactcgcaacttgaagtccttgatcgagggataccggccttccagttgaaaccactttcgcagctggtcaatttctatttcgcgctggccgatgctgtcccattgcatgagcagctcgtaaagcctgatcgcgtgggtgctgtccatcttggccacgtcagccaaggcgtatttggtgaactgtttggtgagttccgtcaggtacggcagcatgtctttggtgaacctgagttctacacggccctcaccctcccggtagatgattgtttgcacccagccggtaatcatcacactcggtcttttccccttgccattgggctcttgggttaaccggacttcccgccgtttcaggcgcagggccgcttctttgagctggttgtaggaagattcgatagggacacccgccatcgtcgctatgtcctccgccgtcactgaatacatcacttcatcggtgacaggctcgctcctcttcacctggctaatacaggccagaacgatccgctgttcctgaacactgaggcgatacgcggcctcgaccagggcattgcttttgtaaaccattgggggtgaggccacgttcgacattccttgtgtataaggggacactgtatctgcgtcccacaatacaacaaatccgtccctttacaacaacaaatccgtcccttcttaacaacaaatccgtcccttaatggcaacaaatccgtccctttttaaactctacaggccacggattacgtggcctgtagacgtcctaaaaggtttaaaagggaaaaggaagaaaagggtggaaacgcaaaaaacgcaccactacgtggccccgttggggccgcatttgtgcccctgaaggggcgggggaggcgtctgggcaatccccgttttaccagtcccctatcgccgcctgagagggcgcaggaagcgagtaatcagggtatcgaggcggattcacccttggcgtccaaccagcggcaccagcggcgcctgagagg,misc_feature,#F58A5E,nucleotide
SEVA_pSC101,tcagatccttccgtatttagccagtatgttctctagtgtggttcgttgtttttgcgtgagccatgagaacgaaccattgagatcatacttactttgcatgtcactcaaaaattttgcctcaaaactggtgagctgaatttttgcagttaaagcatcgtgtagtgtttttcttagtccgttatgtaggtaggaatctgatgtaatggttgttggtattttgtcaccattcatttttatctggttgttctcaagttcggttacgagatccatttgtctatctagttcaacttggaaaatcaacgtatcagtcgggcggcctcgcttatcaaccaccaatttcatattgctgtaagtgtttaaatctttacttattggtttcaaaacccattggttaagccttttaaactcatggtagttattttcaagcattaacatgaacttaaattcatcaaggctaatctctatatttgccttgtgagttttcttttgtgttagttcttttaataaccactcataaatcctcatagagtatttgttttcaaaagacttaacatgttccagattatattttatgaatttttttaactggaaaagataaggcaatatctcttcactaaaaactaattctaatttttcgcttgagaacttggcatagtttgtccactggaaaatctcaaagcctttaaccaaaggattcctgatttccacagttctcgtcatcagctctctggttgctttagctaatacaccataagcattttccctactgatgttcatcatctgagcgtattggttataagtgaacgataccgtccgttctttccttgtagggttttcaatcgtggggttgagtagtgccacacagcataaaattagcttggtttcatgctccgttaagtcatagcgactaatcgctagttcatttgctttgaaaacaactaattcagacatacatctcaattggtctaggtgattttaatcactataccaattgagatgggctagtcaatgataattacatgtccttttcctttgagttgtgggtatctgtaaattctgctagacctttgctggaaaacttgtaaattctgctagaccctctgtaaattccgctagacctttgtgtgttttttttgtttatattcaagtggttataatttatagaataaagaaagaataaaaaaagataaaaagaatagatcccagccctgtgtataactcactactttagtcagttccgcagtattacaaaaggatgtcgcaaacgctgtttgctcctctacaaaacagaccttaaaaccctaaaggcttaagtagcaccctcgcaagctcgggcaaatcgctgaatattccttttgtctccgaccatcaggcacctgagtcgctgtctttttcgtgacattcagttcgctgcgctcacggctctggcagtgaatgggggtaaatggcactacaggcgc,misc_feature,#F58A5E,nucleotide
SEVA_pUC,ccgtagaaaagatcaaaggatcttcttgagatcctttttttctgcgcgtaatctgctgcttgcaaacaaaaaaaccaccgctaccagcggtggtttgtttgccggatcaagagctaccaactctttttccgaaggtaactggcttcagcagagcgcagataccaaatactgttcttctagtgtagccgtagttaggccaccacttcaagaactctgtagcaccgcctacatacctcgctctgctaatcctgttaccagtggctgctgccagtggcgataagtcgtgtcttaccgggttggactcaagacgatagttaccggataaggcgcagcggtcgggctgaacggggggttcgtgcacacagcccagcttggagcgaacgacctacaccgaactgagatacctacagcgtgagctttgagaaagcgccacgcttcccgaagggagaaaggcggacaggtatccggtaagcggcagggtcggaacaggagagcgcacgagggagcttccagggggaaacgcctggtatctttatagtcctgtcgggtttcgccacctctgacttgagcgtcgatttttgtgatgctcgtcaggggggcggagcctatggaaaaacgccagcaacgcggcctttttacggttcctggccttttgctggccttttgctcacatgttctttcctgcgttatcccctgattctgtggataaccgtattaccgcctttgagtgagctgataccgctcgccgcagccgaacgaccgagcgcagcgagtcagtgagcgaggaagcggaagagcgcccaatacgcaaaccgcctctccccgcgcgttggccgattcattaatgcagctggcacgacaggtttcccgactggaaagcgggcagtgagcgcaacgcaattaatgtgagttagctcactcattaggca,misc_feature,#F58A5E,nucleotide
SEVA_RK2,gcgatgcaggtggctgctgaacccccagccggaactgaccccacaaggccctagcgtttgcaatgcaccaggtcatcattgacccaggcgtgttccaccaggccgctgcctcgcaactcttcgcaggcttcgccgacctgctcgcgccacttcttcacgcgggtggaatccgatccgcacatgaggcggaaggtttccagcttgagcgggtacggctcccggtgcgagctgaaatagtcgaacatccgtcgggccgtcggcgacagcttgcggtacttctcccatatgaatttcgtgtagtggtcgccagcaaacagcacgacgatttcctcgtcgatcaggacctggcaacgggacgttttcttgccacggtccaggacgcggaagcggtgcagcagcgacaccgattccaggtgcccaacgcggtcggacgtgaagcccatcgccgtcgcctgtaggcgcgacaggcattcctcggccttcgtgtaataccggccattgatcgaccagcccaggtcctggcaaagctcgtagaacgtgaaggtgatcggctcgccgataggggtgcgcttcgcgtactccaacacctgctgccacaccagttcgtcatcgtcggcccgcagctcgacgccggtgtaggtgatcttcacgtccttgttgacgtggaaaatgaccttgttttgcagcgcctcgcgcgggattttcttgttgcgcgtggtgaacagggcagagcgggccgtgtcgtttggcatcgctcgcatcgtgtccggccacggcgcaatatcgaacaaggaaagctgcatttccttgatctgctgcttcgtgtgtttcagcaacgcggcctgcttggcttcgctgacctgttttgccaggtcctcgccggcggtttttcgcttcttggtcgtcatagttcctcgcgtgtcgatggtcatcgacttcgccaaacctgccgcctcctgttcgagacgacgcgaacgctccacggcggccgatggcgcgggcagggcagggggagccagttgcacgctgtcgcgctcgatcttggccgtagcttgctggactatcgagccgacggactggaaggtttcgcggggcgcacgcatgacggtgcggcttgcgatggtttcggcatcctcggcggaaaaccccgcgtcgatcagttcttgcctgtatgccttccggtcaaacgtccgattcattcaccctccttgcgggattgccccggaattaattccccggatcgatccgtcgatcttgatcccctgcgccatcagatccttggcggcaagaaagccatccagtttactttgcagggcttcccaaccttaccagagggcgccccagctggcaattccggttcgcttgctgtccataaaaccgcccagtctagctatcgccatgtaagcccactgcaagctacctgctttctctttgcgcttgcgttttcccttgtccagatagcccagtagctgacattcatccggggtcagcaccgtttctgcggactggctttctacgtggctgccatttttggggtgaggccgttcgcggccgaggggcgcagcccctggggggatgggaggcccgcgttagcgggccgggagggttcgagaagggggggcaccccccttcggcgtgcgcggtcacgcgcacagggcgcagccctggttaaaaacaaggtttataaatattggtttaaaagcaggttaaaagacaggttagcggtggccgaaaaacgggcggaaacccttgcaaatgctggattttctgcctgtggacagcccctcaaatgtcaataggtgcgcccctcatctgtcagcactctgcccctcaagtgtcaaggatcgcgcccctcatctgtcagtagtcgcgcccctcaagtgtcaataccgcagggcacttatccccaggcttgtccacatcatctgtgggaaactcgcgtaaaatcaggcgttttcgccgatttgcgaggctggccagctccacgtcgccggccgaaatcgagcctgcccctcatctgtcaacgccgcgccgggtgagtcggcccctcaagtgtcaacgtccgcccctcatctgtcagtgagggccaagttttccgcgaggtatccacaacgccggcggccctacatggctctgctgtagtgagtgggttgcgctccggcagcggtcctgatcccccgcagaaaaaaaggatctcaagaagatcctttgatcttttctac,misc_feature,#F58A5E,nucleotide
SEVA_RSF101,tcagcctgccgccttgggccgggtgatgtcgtacttgcccgccgcgaactcggttaccgtccagcccagcgcgaccagctccggcaacgcctcgcgcacccgctggcggcgcttgcgcatggtcgaaccactggcctctgacggccagacatagccgcacaaggtatctatggaagccttgccggttttgccggggtcgatccagccacacagccgctggtgcagcaggcgggcggtttcgctgtccagcgcccgcacctcgtccatgctgatgcgcacatgctggccgccacccatgacggcctgcgcgatcaaggggttcagggccacgtacaggcgcccgtccgcctcgtcgctggcgtactccgacagcagccgaaacccctgccgcttgcggccattctgggcgatgatggataccttccaaaggcgctcgatgcagtcctgtatgtgcttgagcgccccaccactatcgacctctgccccgatttcctttgccagcgcccgatagctacctttgaccacatggcattcagcggtgacggcctcccacttgggttccaggaacagccggagctgccgtccgccttcggtcttgggttccgggccaagcactaggccattaggcccagccatggccaccagcccttgcaggatgcgcagatcatcagcgcccagcggctccgggccgctgaactcgatccgcttgccgtcgccgtagtcatacgtcacgtccagcttgctgcgcttgcgctcgccccgcttgagggcacggaacaggccgggggccagacagtgcgccgggtcgtgccggacgtggctgaggctgtgcttgttcttaggcttcaccacggggcacccccttgctcttgcgctgcctctccagcacggcgggcttgagcaccccgccgtcatgccgcctgaaccaccgatcagcgaacggtgcgccatagttggccttgctcacaccgaagcggacgaagaaccggcgctggtcgtcgtccacaccccattcctcggcctcggcgctggtcatgctcgacaggtaggactgccagcggatgttatcgaccagtaccgagctgccccggctggcctgctgctggtcgcctgcgcccatcatggccgcgcccttgctggcatggtgcaggaacacgatagagcacccggtatcggcggcgatggcctccatgcgaccgatgacctgggccatggggccgctggcgttttcttcctcgatgtggaaccggcgcagcgtgtccagcaccatcaggcggcggccctcggcggcgcgcttgaggccgtcgaaccactccggggccatgatgttgggcaggctgccgatcagcggctggatcagcaggccgtcagccacggcttgccgttcctcggcgctgaggtgcgccccaagggcgtgcaggcggtgatgaatggcggtgggcgggtcttcggcgggcaggtagatcaccgggccggtgggcagttcgcccacctccagcagatccggcccgcctgcaatctgtgcggccagttgcagggccagcatggatttaccggcaccaccgggcgacaccagcgccccgaccgtaccggccaccatgttgggcaaaacgtagtccagcggtggcggcgctgctgcgaacgcctccagaatattgataggcttatgggtagccattgattgcctcctttgcaggcagttggtggttaggcgctggcggggtcactacccccgccctgcgccgctctgagttcttccaggcactcgcgcagcgcctcgtattcgtcgtcggtcagccagaacttgcgctgacgcatccctttggccttcatgcgctcggcatatcgcgcttggcgtacagcgtcagggctggccagcaggtcgccggtctgcttgtccttttggtctttcatatcagtcaccgagaaacttgccggggccgaaaggcttgtcttcgcggaacaaggacaaggtgcagccgtcaaggttaaggctggccatatcagcgactgaaaagcggccagcctcggccttgtttgacgtataaccaaagccaccgggcaaccaatagcccttgtcacttttgatcaggtagaccgaccctgaagcgcttttttcgtattccataaaacccccttctgtgcgtgagtactcatagtataacaggcgtgagtaccaacgcaagcactacatgctgaaatctggcccgcccctgtccatgcctcgctggcggggtgccggtgcccgtgccagctcggcccgcgcaagctggacgctgggcagacccatgaccttgctgacggtgcgctcgatgtaatccgcttcgtggccgggcttgcgctctgccagcgctgggctggcctcggccatggccttgccgatttcctcggcactgcggccccggctggccagcttctgcgcggcgataaagtcgcacttgctgaggtcatcaccgaagcgcttgaccagcccggccatctcgctgcggtactcgtccagcgccgtgcgccggtggcggctaagctgccgctcgggcagttcgaggctggccagcctgcgggccttctcctgctgccgctgggcctgctcgatctgctggccagcctgctgcaccagcgccgggccagcggtggcggtcttgcccttggattcacgcagcagcacccacggctgataaccggcgcgggtggtgtgcttgtccttgcggttggtgaagcccgccaagcggccatagtggcggctgtcggcgctggccgggtcggcgtcgtactcgctggccagcgtccgggcaatctgcccccgaagttcaccgcctgcggcgtcggccaccttgacccatgcctgatagttcttcgggctggtttccactaccagggcaggctcccggccctcggctttcatgtcatccaggtcaaactcgctgaggtcgtccaccagcaccagaccatgccgctcctgctcggcgggcctgatatacacgtcattgccctgggcattcatccgcttgagccatggcgtgttctggagcacttcggcggctgaccattcccggttcatcatctggccggtggtggcgtccctgacgccgatatcgaagcgctcacagcccatggccttgagctgtcggcctatggcctgcaaagtcctgtcgttcttcatcgggccaccaagcgattcccacacattatacgagccggaagcataaagtgtaaagcctagatccgaaggatgagccgggctgaatgatcgaccgagacaggccctgcggggctgcacacgcgcccccacccttcgggtagggggaaaggccgctaaagcggctaaaagcgctccagcgtatttctgcggggtttggtgtggggtttagcgggctttgcccgcctttccccctgccgcgcagcggtggggcggtgtgtagcctagcgcagcgaatagaccagctatccggcctctggccgggcatattgggcaagggcagcagcgccccacaagggcgctgataaccgcgcctagtggattattcttagataatcatggatggatttttccaacaccccgccagcccccgcccctgctgggtttgcaggtttgggggcgtgacagttattgcaggggttcgtgacagttattgcaggggggcgtgacagttattgcaggggttcgtgacagttag,misc_feature,#F58A5E,nucleotide
SEVA_Sm/Sp,gaaccttgaccgaacgcagcggtggtaacggcgcagtggcggttttcatggcttgttatgactgtttttttggggtacagtctatgcctcgggcatccaagcagcaagcgcgttacgccgtgggtcgatgtttgatgttatggagcagcaacgatgttacgcagcagggcagtcgccctaaaacaaagttaaacatcatgagggaagcggtgatcgccgaagtatcgactcaactatcagaggtagttggcgtcatcgagcgccatctcgaaccgacgttgctggccgtacatttgtacggctccgcagtggatggcggcctgaagccacacagtgatattgatttgctggttacggtgaccgtaaggcttgatgaaacaacgcggcgagctttgatcaacgaccttttggaaacttcggcttcccctggagagagcgagattctccgcgctgtagaagtcaccattgttgtgcacgacgacatcattccgtggcgttatccagctaagcgcgaactgcaatttggagaatggcagcgcaatgacattcttgcaggtatcttcgagccagccacgatcgacattgatctggctatcttgctgacaaaagcaagagaacatagcgttgccttggtaggtccagcggcggaggaactctttgatccggttcctgaacaggatctatttgaggcgctaaatgaaaccttaacgctatggaactcgccgcccgactgggctggcgatgagcgaaatgtagtgcttacgttgtcccgcatttggtacagcgcagtaaccggcaaaatcgcgccgaaggatgtcgctgccgactgggcaatggagcgcctgccggcccagtatcagcccgtcatacttgaagctagacaggcttatcttggacaagaagaagatcgcttggcctcgcgcgcagatcagttggaagaatttgtccactacgtgaaaggcgagatcaccaaggtagtcggcaaataa,misc_feature,#F58A5E,nucleotide
SEVA_T0,cttggactcctgttgatagatccagtaatgacctcagaactccatctggatttgttcagaacgctcggttgccgccgggcgttttttattggtgagaatccag,regulatory,#FAAC61,nucleotide
SEVA_T1,tctagggcggcggatttgtcctactcaggagagcgttcaccgacaaacaacagataaaacgaaaggcccagtctttcgactgagcctttcgttttatttgatgcc,regulatory,#FAAC61,nucleotide
SEVA_Tet,ttgacagcttatcatcgataaactgtaatgcggtagtttatcacagttaaattgctaacgcagtcaggcaccgtgtatgaaatctaacaatgcgctcatcgtcatcctcggcaccgtcaccctggatgctgtaggcataggcttggttatgccggtactgccgggcctcttgcgggatatcgtccattccgacagcatcgccagtcactatggcgtgctgctagcgctatatgcgttgatgcaatttctatgcgcacccgttctcggagcactgtccgaccgctttggccgccgcccagtcctgctcgcttcgctacttggagccactatcgactacgcgatcatggcgaccacacccgtcctgtggattctctacgccggacgcatcgtggccggcatcaccggcgccacaggtgcggttgctggcgcctatatcgccgacatcaccgatggggaagatcgggctcgccacttcgggctcatgagcgcttgtttcggcgtgggtatggtggcaggccccgtggccgggggactgttgggcgccatctccctgcacgcaccattccttgcggcggcggtgctcaacggcctcaacctactactgggctgcttcctaatgcaggagtcgcataagggagagcgccgtccgatgcccttgagagccttcaacccagtcagctccttccggtgggcgcggggcatgaccattgtggccgcacttatgactgtcttctttatcatgcaactcgtaggacaggtgccggcagcgctctgggtcattttcggcgaggaccgctttcgctggagcgcgacgatgatcggcctgtcgcttgcggtattcggaatcttgcacgccctcgctcaagccttcgtcactggtcccgccaccaaacgtttcggcgagaagcaggccattatcgccggcatggcggccgacgcgctgggctacgtcttgctggcgttcgcgacgcgaggctggatggccttccccattatgattcttctcgcttccggcggcatcgggatgcccgcgttgcaggccatgctgtccaggcaggtagatgacgaccatcagggacagcttcaaggatcgctcgcggctcttaccagcctaacttcgatcactggaccgctgatcgtcacggcgatttatgccgcctcggcgagcacatggaacgggttggcatggattgtaggcgccgccctataccttgtctgcctccccgcgttgcgtcgcggtgcatggagccgggccacctcgacctga,misc_feature,#F58A5E,nucleotide
